"species","Sample","treat","pred_abun","pred_mg","herb_abun","herb_mg","omni_abun","omni_mg","total_abun","total_mg","sample_g","plant_g","vaccum","vac_sec","vac_min","flower","diameter","height","complexity"
"ARCA","ARCA1","C",2,8.22317795530077,12,3.24885831933242,3,3.77039252946035,17,15.2424288040935,7.827,791,"2:28",148,2.46666666666667,"N",0.87,1.01,11
"ARCA","ARCA10","C",3,2.52439618437615,37,8.56962419418452,2,0.10670319602532,42,11.200723574586,4.444,904,"3:30",210,3.5,"N",0.9,1.2,7
"ARCA","ARCA11","T",3,10.2393359589796,33,14.1829183627546,0,0,36,24.4222543217342,6.899,1130,"3:58",238,3.96666666666667,"N",0.99,1.04,12
"ARCA","ARCA14","C",13,12.9917800074608,29,8.31970045272357,1,5.22234407085637,43,26.5338245310407,8,565,"1:32",92,1.53333333333333,"N",0.6,0.73,6
"ARCA","ARCA2","T",0,0,19,27.1918868338727,0,0,19,27.1918868338727,4.998,678,"3:47",227,3.78333333333333,"N",0.91,1.37,9
"ARCA","ARCA3","T",1,2.27875315448393,39,13.5922385406986,3,0.422570249283479,43,16.293561944466,4.544,678,"3:03",183,3.05,"N",1.29,1.45,8
"ARCA","ARCA4","T",3,10.1254929787215,16,12.7841699201084,1,0.653516130647452,20,23.5631790294773,5.932,791,"3:49",229,3.81666666666667,"N",0.7,1.31,7
"ARCA","ARCA5","C",7,8.58851069890388,17,6.99297005592607,1,0.400329065064269,25,15.9818098198942,8.675,565,"3:36",216,3.6,"N",0.78,0.92,10
"ARCA","ARCA6","T",2,4.53349930844509,26,11.8457998965911,0,0,28,16.3792992050362,9.91,904,"3:33",213,3.55,"N",0.64,0.95,10
"ARCA","ARCA7","T",6,16.0958525410664,14,11.214222329973,0,0,20,27.3100748710394,7.983,1017,"3:23",203,3.38333333333333,"N",0.75,0.9,12
"ARCA","ARCA8","C",5,7.10144692942565,21,8.32051940591107,0,0,26,15.4219663353367,6.868,791,"3:45",225,3.75,"N",0.73,1.06,11
"ARCA","ARCA9","T",4,1.54542474433204,17,12.2906061369464,0,0,21,13.8360308812785,3.209,791,"2:42",162,2.7,"N",1,1.25,6
"ARDO","ARDO1","T",5,9.7419329445523,47,36.9495368496632,0,0,52,46.6914697942155,8.113,279.12,"1:58",118,1.96666666666667,"N",0.6,1.11,3
"ARDO","ARDO10","C",4,4.48583757780997,20,16.4755303948603,2,0.439494053196198,26,21.4008620258664,1.098,418.68,"2:01",121,2.01666666666667,"N",0.72,0.83,3
"ARDO","ARDO11","C",4,3.27758759560338,21,13.9831413085949,0,0,25,17.2607289041983,3.533,348.9,"2:21",141,2.35,"N",0.55,0.74,6
"ARDO","ARDO12","T",0,0,38,18.8566488470452,4,0.941234729603157,42,19.7978835766484,NA,279.12,"2:57",177,2.95,"N",0.48,0.78,8
"ARDO","ARDO13","C",3,2.28325938867284,13,9.11209313527095,5,3.64799873586804,21,15.0433512598118,2.379,279.12,"2:40",160,2.66666666666667,"N",0.54,0.73,5
"ARDO","ARDO3","T",5,4.5804388275631,42,32.4782791342748,0,0,47,37.0587179618379,8,488.46,"2:05",125,2.08333333333333,"N",0.51,1,8
"ARDO","ARDO4","T",3,10.6656231356892,46,20.6817585687297,0,0,49,31.3473817044188,NA,558.24,"2:12",132,2.2,"N",0.74,0.82,2
"ARDO","ARDO5","T",0,0,16,6.25798321492932,0,0,16,6.25798321492932,1.611,279.12,"2:19",139,2.31666666666667,"N",0.56,0.84,3
"ARDO","ARDO6","T",6,5.24212527019499,14,4.21267640373537,0,0,20,9.45480167393036,2.023,488.46,"1:56",116,1.93333333333333,"N",0.74,0.87,3
"ARDO","ARDO7","T",3,11.9721504351764,10,4.2507501776253,1,1.94352269347208,14,18.1664233062738,1.766,418.68,"2:14",134,2.23333333333333,"N",0.6,0.68,2
"ARDO","ARDO8","C",1,0.264853690889069,24,15.5819259586911,1,0.0341,26,15.8808796495802,3.522,628.02,"2:30",150,2.5,"N",0.75,0.79,3
"ARDO","ARDO9","C",4,12.0056007788536,24,6.90719788881107,0,0,28,18.9127986676647,NA,628.02,"2:51",171,2.85,"Y",0.81,0.77,4
"ENCA","ENCA1","T",4,7.74462284053024,17,8.42361428011232,0,0,21,16.1682371206426,NA,219.9,"2:58",178,2.96666666666667,"Y",0.6,0.98,6
"ENCA","ENCA10","C",0,0,6,1.14733509148598,0,0,6,1.14733509148598,22.222,703.68,"3:42",222,3.7,"Y",1.35,0.85,12
"ENCA","ENCA11","C",1,0.610576789661687,16,6.04514941402347,0,0,17,6.65572620368515,11.491,527.76,"4:26",266,4.43333333333333,"N",1.19,1.54,6
"ENCA","ENCA12","T",3,11.4735338485831,14,4.94570220472436,0,0,17,16.4192360533075,5.308,263.88,"2:30",150,2.5,"N",0.91,1.37,4
"ENCA","ENCA14","T",0,0,7,2.03532278241925,0,0,7,2.03532278241925,9.761,175.92,"2:40",160,2.66666666666667,"N",1.03,1.52,5
"ENCA","ENCA2","C",5,4.08171411018179,12,3.48564684315879,1,0.653516130647452,18,8.22087708398803,6.545,703.68,"4:28",268,4.46666666666667,"N",1.64,1.12,8
"ENCA","ENCA3","T",1,2.85027704709042,18,12.023545201859,3,0.1023,22,14.9761222489495,NA,615.72,"4:00",240,4,"Y",1.24,0.95,10
"ENCA","ENCA4","C",3,2.47744910116234,33,15.863684417667,0,0,36,18.3411335188293,11.47,615.72,"3:38",218,3.63333333333333,"Y",1.2,0.94,12
"ENCA","ENCA5","C",3,2.3446140794754,21,9.95395563304507,0,0,24,12.2985697125205,4.747,439.8,"2:58",178,2.96666666666667,"N",0.81,1,15
"ENCA","ENCA6","T",3,10.7635907287971,14,4.85661353055141,0,0,17,15.6202042593485,17.766,527.76,"4:45",285,4.75,"N",1.19,1.21,8
"ENCA","ENCA7","C",2,3.0873326843056,19,16.2762654982501,0,0,21,19.3635981825557,17.998,659.7,"3:15",195,3.25,"N",1.24,0.91,7
"ENCA","ENCA8","T",3,6.47194688359785,19,21.9070370641737,4,4.68497899582589,26,33.0639629435975,NA,791.64,"4:44",284,4.73333333333333,"Y",1.23,0.9,7
"ENCA","ENCA9","T",6,7.15770678491957,21,28.3009590244079,2,0.0682,29,35.5268658093275,NA,791.64,"4:44",284,4.73333333333333,"Y",1.3,0.81,10
"ERFA","ERFA1","C",2,5.10620436799116,26,7.49076402166135,2,7.02701496255823,30,19.6239833522107,23.456,564.59,"3:26",206,3.43333333333333,"Y",1.43,0.9,14
"ERFA","ERFA10","T",9,14.6913782110078,23,9.41523576984047,1,0.653516130647452,33,24.7601301114957,4.186,477.73,"2:43",163,2.71666666666667,"Y",1.31,0.65,21
"ERFA","ERFA11","T",4,5.24182702713549,17,4.82225119643011,10,0.341,31,10.4050782235656,18.28,651.45,"2:51",171,2.85,"Y",1.14,0.71,20
"ERFA","ERFA12","T",6,3.43333604694405,26,7.19926910486467,2,0.321158637940789,34,10.9537637897495,10.856,651.45,"2:44",164,2.73333333333333,"Y",1.2,0.8,14
"ERFA","ERFA13","T",5,4.55365568785796,15,4.13282055064384,0,0,20,8.6864762385018,5.252,304.01,"2:13",133,2.21666666666667,"Y",1.09,0.77,14
"ERFA","ERFA2","T",8,12.206358721166,11,3.06086967175918,26,0.8866,45,16.1538283929252,22.282,608.02,"3:38",218,3.63333333333333,"Y",1.27,0.85,16
"ERFA","ERFA3","T",0,0,14,1.60892331361225,3,0.974674768588241,17,2.58359808220049,20.992,477.73,"2:30",150,2.5,"Y",1.19,0.55,24
"ERFA","ERFA4","C",6,1.81947934965931,19,5.75564222406498,3,0.236923222685379,28,7.81204479640966,17.533,434.3,"2:00",120,2,"Y",1.24,0.57,25
"ERFA","ERFA5","C",6,6.37184250290447,19,4.62574554677443,0,0,25,10.9975880496789,NA,608.02,NA,NA,NA,"Y",0.99,0.63,16
"ERFA","ERFA6","T",3,4.78795317707711,20,7.4701664572829,5,4.66805519191317,28,16.9261748262732,NA,477.73,NA,NA,NA,"Y",1.3,0.71,18
"ERFA","ERFA7","C",4,3.72201330718756,24,6.75029054793654,2,1.81642160754831,30,12.2887254626724,10.366,955.46,"4:25",265,4.41666666666667,"Y",1.56,0.87,35
"ERFA","ERFA8","T",1,2.27875315448393,27,5.32927983105914,0,0,28,7.60803298554308,14.982,1042.32,"3:30",210,3.5,"Y",1.51,0.66,30
"ERFA","ERFA9","C",7,5.00618655123766,10,4.33574323636856,11,2.3565203676873,28,11.6984501552935,25.013,825.17,"4:55",295,4.91666666666667,"Y",1.6,0.79,24
"ERPA","ERPA1","T",1,0.932973516127979,5,7.37906898412582,1,0.653516130647452,7,8.96555863090125,9.669,542.24,"2:58",178,2.96666666666667,"Y",1.14,1.12,30
"ERPA","ERPA10","C",3,3.95762770880861,10,4.0505076372147,1,0.00529158468263005,14,8.01342693070594,12.456,847.25,"3:17",197,3.28333333333333,"N",1.21,1.01,25
"ERPA","ERPA11","T",3,1.26897515794302,13,1.12732463349785,0,0,16,2.39629979144087,6.26,508.35,"2:39",159,2.65,"Y",1.31,0.7,18
"ERPA","ERPA12","T",4,3.79573305818718,11,5.31010762562637,3,0.540905664538888,18,9.64674634835244,9.333,643.91,"2:40",160,2.66666666666667,"N",0.87,0.88,11
"ERPA","ERPA13","T",2,1.78877051385752,25,7.52110416336394,0,0,27,9.30987467722146,10.743,948.92,"4:02",242,4.03333333333333,"N",1.3,0.89,15
"ERPA","ERPA2","C",0,0,6,2.36830184041556,0,0,6,2.36830184041556,NA,610.02,"3:52",232,3.86666666666667,"Y",1.22,1.03,18
"ERPA","ERPA3","T",6,8.13283316512977,17,22.4476387480728,0,0,23,30.5804719132026,9.576,542.24,"2:28",148,2.46666666666667,"Y",1,0.85,25
"ERPA","ERPA4","C",3,2.76488517400045,17,12.5314316654703,0,0,20,15.2963168394707,23.779,847.25,"3:29",209,3.48333333333333,"N",1.3,0.8,30
"ERPA","ERPA5","T",10,13.5452868943267,29,6.73335075363885,0,0,39,20.2786376479655,36.256,813.36,"2:30",150,2.5,"Y",1.18,0.72,31
"ERPA","ERPA6","C",0,0,12,2.36813860970498,0,0,12,2.36813860970498,NA,305.01,"1:20",80,1.33333333333333,"N",1,0.96,22
"ERPA","ERPA7","T",7,16.7791324638367,9,3.02490105004261,10,2.19747026598099,26,22.0015037798603,13.662,1152.26,"4:25",265,4.41666666666667,"Y",1.47,0.91,20
"ERPA","ERPA8","C",5,7.60668648354359,24,17.5661708728837,0,0,29,25.1728573564273,9.854,982.81,"2:12",132,2.2,"Y",1.63,0.99,90
"ISME","ISME1","T",3,2.07823742177647,12,13.9812460964778,0,0,15,16.0594835182542,6.356,876.96,"3:44",224,3.73333333333333,"N",0.64,0.93,17
"ISME","ISME10","C",0,0,19,34.9934550090941,2,0.501740676406959,21,35.495195685501,4.765,779.52,"2:30",150,2.5,"N",0.48,0.93,19
"ISME","ISME11","C",2,1.44567593773091,31,38.4176930202573,0,0,33,39.8633689579882,6.096,974.4,"3:20",200,3.33333333333333,"N",0.54,1.04,10
"ISME","ISME12","C",3,1.12594227330124,30,18.6871288069491,2,0.620076091662369,35,20.4331471719127,13.111,1364.16,"3:00",180,3,"N",0.99,1.18,24
"ISME","ISME13","C",0,0,25,23.2363388359087,0,0,25,23.2363388359087,7.2,779.52,"2:55",175,2.91666666666667,"Y",0.59,1.19,11
"ISME","ISME2","T",5,6.88232956443167,11,5.81983338389438,2,0.0868525518476211,18,12.7890155001737,NA,779.52,"3:40",220,3.66666666666667,"N",0.84,0.84,17
"ISME","ISME3","T",2,5.74356407319827,8,18.9326172367419,0,0,10,24.6761813099402,4.863,876.96,"2:08",128,2.13333333333333,"N",0.49,0.61,14
"ISME","ISME4","T",3,4.08338723309986,16,10.5191772472827,0,0,19,14.6025644803826,10.228,1071.84,"3:19",199,3.31666666666667,"N",0.58,1.04,15
"ISME","ISME5","T",3,8.01518746538521,13,8.77165330424141,0,0,16,16.7868407696266,5.367,876.96,"3:37",217,3.61666666666667,"N",0.71,1.11,14
"ISME","ISME6","T",0,0,32,25.8119808816168,0,0,32,25.8119808816168,8.878,584.64,"3:18",198,3.3,"N",0.66,0.91,14
"ISME","ISME7","T",2,2.09885270728142,13,10.1780515182692,0,0,15,12.2769042255506,9.677,1169.28,"4:29",269,4.48333333333333,"N",0.64,0.82,21
"ISME","ISME8","T",5,3.52037458503107,23,33.7303930329586,0,0,28,37.2507676179896,7.682,682.08,"4:10",250,4.16666666666667,"N",0.77,0.8,11
"ISME","ISME9","C",2,1.02540484320586,23,24.8199418758354,0,0,25,25.8453467190412,12.921,1071.84,"3:05",185,3.08333333333333,"N",0.6,0.83,25
"LUAL","LUAL1","T",4,2.81417535706338,29,15.9824087029617,2,0.873263157245551,35,19.6698472172706,NA,252.76,"3:51",231,3.85,"N",0.51,1.21,4
"LUAL","LUAL10","T",2,0.317853690889069,7,10.3733213805458,0,0,9,10.6911750714348,15.044,505.52,"3:03",183,3.05,"N",0.84,0.6,7
"LUAL","LUAL11","T",7,12.0901012589089,30,29.717365004501,4,0.878988106392396,41,42.6864543698022,13.517,505.52,"3:09",189,3.15,"N",0.98,0.53,5
"LUAL","LUAL12","T",7,9.09269875161979,41,22.812567604651,3,0.659241079794297,51,32.5645074360651,5.041,758.28,"2:31",151,2.51666666666667,"N",0.81,0.7,11
"LUAL","LUAL13","T",1,0.145695946678408,35,22.8355324629924,0,0,36,22.9812284096708,5.249,631.9,"2:18",138,2.3,"N",0.8,0.71,10
"LUAL","LUAL2","C",3,8.21948308511211,18,6.30393424281349,6,2.21084523362102,27,16.7342625615466,1.458,505.52,"2:11",131,2.18333333333333,"N",0.83,0.72,12
"LUAL","LUAL3","C",2,0.777556112491998,10,3.82941521009673,3,1.917833218891,15,6.52480454147973,3.564,379.14,"2:41",161,2.68333333333333,"N",0.64,0.59,5
"LUAL","LUAL4","T",2,4.04687660251999,13,0.977759380414109,1,0.0341,16,5.0587359829341,10.151,505.52,"2:42",162,2.7,"N",0.84,0.56,7
"LUAL","LUAL5","C",1,0.43713937259468,13,2.50782344525991,2,0.253847026598099,16,3.19880984445269,9.867,315.95,"2:35",155,2.58333333333333,"N",0.58,0.6,5
"LUAL","LUAL6","T",4,5.52199133821738,14,10.2711585385472,5,2.28170702988315,23,18.0748569066477,13.333,379.14,"2:46",166,2.76666666666667,"N",0.6,0.64,3
"LUAL","LUAL7","T",10,15.8916919816313,27,13.0777710124485,2,5.91290554130514,39,34.8823685353849,NA,631.9,"3:31",211,3.51666666666667,"N",0.8,0.68,4
"LUAL","LUAL8","C",0,0,9,8.0507920222177,0,0,9,8.0507920222177,13.862,568.71,"3:04",184,3.06666666666667,"N",0.85,0.78,9
"LUAL","LUAL9","C",1,0.610576789661687,27,10.368279831052,0,0,28,10.9788566207137,13.353,821.47,"2:01",121,2.01666666666667,"N",0.91,0.77,5
"SAAP","SAAP1","T",6,23.7962185416518,31,23.8779855754772,0,0,37,47.674204117129,NA,1433.7,"2:47",167,2.78333333333333,"Y",0.98,1.24,12
"SAAP","SAAP10","T",4,4.89060122493659,69,28.7496428907105,0,0,73,33.6402441156471,NA,1529.28,"2:45",165,2.75,"N",1.21,0.67,13
"SAAP","SAAP11","T",1,0.353473362741615,45,49.4584004993668,0,0,46,49.8118738621084,NA,1146.96,"2:32",152,2.53333333333333,"N",1.02,0.72,10
"SAAP","SAAP12","C",1,0.512702421602929,20,9.94390141292523,0,0,21,10.4566038345282,1.286,860.22,"2:20",140,2.33333333333333,"N",0.85,0.9,8
"SAAP","SAAP15","T",12,23.1305363476556,25,17.9963944222711,1,0.10141161134269,38,41.2283423812694,16.134,764.64,"4:15",255,4.25,"N",1.13,0,8
"SAAP","SAAP2","C",3,2.32608615249033,35,15.8586674975333,0,0,38,18.1847536500236,NA,764.64,"2:51",171,2.85,"Y",1.07,0.65,7
"SAAP","SAAP3","T",15,32.9889860982852,34,31.642387826008,3,1.3411322612949,52,65.9725061855882,NA,1146.96,"2:18",138,2.3,"N",0.82,0.9,14
"SAAP","SAAP4","C",3,4.4692204122001,34,15.7437155238912,0,0,37,20.2129359360913,NA,1624.86,"4:31",271,4.51666666666667,"Y",1.09,0.77,13
"SAAP","SAAP5","T",0,0,10,7.77803076805792,9,1.97772323938289,19,9.75575400744081,NA,716.85,"2:39",159,2.65,"Y",1.01,1.42,17
"SAAP","SAAP6","C",3,1.56368912055095,27,13.0620954577922,1,0.219747026598099,31,14.8455316049412,7.58,1146.96,"2:34",154,2.56666666666667,"N",1.04,0.78,9
"SAAP","SAAP7","T",6,9.96081508508965,27,26.848854677421,0,0,33,36.8096697625107,NA,860.22,"2:40",160,2.66666666666667,"N",1.11,0.54,11
"SAAP","SAAP8","C",0,0,6,3.03656557819662,0,0,6,3.03656557819662,7.555,573.48,"3:13",193,3.21666666666667,"Y",0.91,0.78,8
"SAAP","SAAP9","T",1,1.31920923626954,21,22.2840802710502,0,0,22,23.6032895073197,3.5,955.8,"2:33",153,2.55,"N",0.83,0.92,6
"SAME","SAME1","T",2,2.37870023769775,10,10.5511009103097,0,0,12,12.9298011480074,NA,376.5,"3:20",200,3.33333333333333,"N",0.8,0.82,5
"SAME","SAME10","T",6,8.01530548130009,15,1.7699992631501,3,0.659241079794297,24,10.4445458242445,7.119,502,"3:41",221,3.68333333333333,"Y",1.31,0.9,4
"SAME","SAME11","C",2,1.44567593773091,8,5.27705219197804,3,0.659241079794297,13,7.38196920950325,8.657,753,"4:03",243,4.05,"Y",1.64,1.88,8
"SAME","SAME12","T",3,3.5652538367521,17,7.93005442961252,7,1.03101412171576,27,12.5263223880804,10.121,502,"4:29",269,4.48333333333333,"N",0.85,0.74,7
"SAME","SAME14","T",5,11.3463042843559,14,10.8698852720034,0,0,19,22.2161895563593,NA,376.5,"3:01",181,3.01666666666667,"N",0.67,1.32,14
"SAME","SAME2","C",0,0,8,3.72940234350046,2,0.620076091662369,10,4.34947843516283,13.579,627.5,"3:31",211,3.51666666666667,"N",1.19,1.14,6
"SAME","SAME3","T",4,6.86421476181688,12,4.96349720825417,1,0.219747026598099,17,12.0474589966691,15.858,502,"4:17",257,4.28333333333333,"N",0.94,0.64,4
"SAME","SAME4","T",6,9.35151160127203,25,8.45829413731115,11,5.96984700975323,42,23.7796527483364,NA,627.5,NA,NA,NA,"Y",1.61,1.55,4
"SAME","SAME5","T",2,2.17500623399908,21,7.16114871342353,1,0.219747026598099,24,9.5559019740207,15.351,313.75,"3:09",189,3.15,"N",0.74,0.78,5
"SAME","SAME6","C",0,0,14,13.6430042230421,2,0.754927741990142,16,14.3979319650322,9.333,439.25,"3:30",210,3.5,"Y",0.94,1.55,4
"SAME","SAME7","T",2,1.54355030578967,12,4.13323443929133,0,0,14,5.67678474508099,22.3,439.25,"3:15",195,3.25,"N",0.55,0.8,8
"SAME","SAME8","C",0,0,12,3.4483201672435,0,0,12,3.4483201672435,NA,NA,NA,NA,NA,"N",0.74,0.79,6
"SAME","SAME9","C",0,0,9,5.64097921630898,0,0,9,5.64097921630898,5.949,439.25,"3:58",238,3.96666666666667,"N",1.17,1.7,6
